datetime,open,high,low,close,volume
2026-03-19 09:45:00,52.58,52.85,52.03,52.09,80114
2026-03-19 10:00:00,52.09,52.26,51.79,52.0,52368
2026-03-19 10:15:00,51.93,52.07,51.56,51.62,28914
2026-03-19 10:30:00,51.66,51.8,51.4,51.76,40137
2026-03-19 10:45:00,51.76,51.81,51.6,51.61,12726
2026-03-19 11:00:00,51.61,51.64,51.45,51.52,19629
2026-03-19 11:15:00,51.52,51.82,51.44,51.44,12713
2026-03-19 11:30:00,51.4,51.5,51.19,51.43,19615
2026-03-19 13:15:00,51.41,51.49,51.01,51.17,32273
2026-03-19 13:30:00,51.15,51.39,50.99,51.01,24228
2026-03-19 13:45:00,51.0,51.4,51.0,51.3,14743
2026-03-19 14:00:00,51.31,51.69,51.22,51.57,17478
2026-03-19 14:15:00,51.58,51.62,51.19,51.2,16368
2026-03-19 14:30:00,51.2,51.29,50.98,51.04,26424
2026-03-19 14:45:00,51.05,51.12,50.86,50.88,22239
2026-03-19 15:00:00,50.86,51.16,50.8,51.12,27605
2026-03-20 09:45:00,51.65,51.65,50.42,50.46,69964
2026-03-20 10:00:00,50.45,50.55,49.77,50.05,78622
2026-03-20 10:15:00,50.03,50.19,49.7,50.0,46022
2026-03-20 10:30:00,50.0,50.35,49.74,49.78,30823
2026-03-20 10:45:00,49.78,49.79,49.43,49.6,31849
2026-03-20 11:00:00,49.6,49.87,49.5,49.87,13961
2026-03-20 11:15:00,49.85,50.05,49.71,50.05,8854
2026-03-20 11:30:00,50.06,50.46,50.05,50.45,15139
2026-03-20 13:15:00,50.44,50.59,50.0,50.0,15656
2026-03-20 13:30:00,49.99,50.4,49.87,50.4,14632
2026-03-20 13:45:00,50.38,50.39,50.02,50.04,8523
2026-03-20 14:00:00,50.02,50.07,49.94,49.98,6826
2026-03-20 14:15:00,49.97,50.08,49.91,49.96,5273
2026-03-20 14:30:00,49.95,49.96,49.78,49.82,8759
2026-03-20 14:45:00,49.82,49.89,49.59,49.59,13492
2026-03-20 15:00:00,49.6,49.66,49.44,49.44,35368
2026-03-23 09:45:00,48.45,48.97,47.81,48.28,76420
2026-03-23 10:00:00,48.23,48.23,47.51,48.0,38827
2026-03-23 10:15:00,48.02,48.5,47.98,48.13,35007
2026-03-23 10:30:00,48.13,48.65,47.95,48.35,16740
2026-03-23 10:45:00,48.33,48.33,47.8,47.92,19353
2026-03-23 11:00:00,47.94,48.2,47.85,48.2,12895
2026-03-23 11:15:00,48.19,48.55,47.95,47.98,11871
2026-03-23 11:30:00,47.98,48.03,47.87,47.87,7770
2026-03-23 13:15:00,47.89,48.02,47.33,47.45,27325
2026-03-23 13:30:00,47.41,47.54,47.08,47.11,22200
2026-03-23 13:45:00,47.13,47.68,47.1,47.12,20092
2026-03-23 14:00:00,47.1,47.32,46.96,47.12,21154
2026-03-23 14:15:00,47.1,47.18,46.65,46.66,20878
2026-03-23 14:30:00,46.68,47.15,46.51,46.84,29372
2026-03-23 14:45:00,46.89,46.97,46.54,46.66,27572
2026-03-23 15:00:00,46.67,46.78,46.32,46.78,31406
2026-03-24 09:45:00,47.5,47.75,46.85,47.29,59006
2026-03-24 10:00:00,47.27,47.6,47.11,47.17,47586
2026-03-24 10:15:00,47.16,47.55,47.1,47.15,26902
2026-03-24 10:30:00,47.12,47.4,46.9,47.4,23348
2026-03-24 10:45:00,47.38,48.11,47.19,47.93,31700
2026-03-24 11:00:00,47.93,48.02,47.71,47.76,25931
2026-03-24 11:15:00,47.8,47.98,47.58,47.76,16196
2026-03-24 11:30:00,47.72,47.88,47.62,47.68,10015
2026-03-24 13:15:00,47.68,47.87,47.21,47.21,16296
2026-03-24 13:30:00,47.21,47.28,46.97,47.0,11111
2026-03-24 13:45:00,47.0,47.41,46.99,47.3,12173
2026-03-24 14:00:00,47.28,47.37,47.19,47.29,8311
2026-03-24 14:15:00,47.29,47.46,47.21,47.42,10381
2026-03-24 14:30:00,47.41,47.86,47.41,47.86,17703
2026-03-24 14:45:00,47.8,47.96,47.78,47.87,25080
2026-03-24 15:00:00,47.87,47.97,47.85,47.95,22360
2026-03-25 09:45:00,48.28,50.46,48.12,49.39,82479
2026-03-25 10:00:00,49.39,49.73,49.2,49.45,40298
2026-03-25 10:15:00,49.48,50.0,49.23,49.94,29316
2026-03-25 10:30:00,49.93,50.11,49.72,49.83,35589
2026-03-25 10:45:00,49.84,50.05,49.53,49.77,14450
2026-03-25 11:00:00,49.77,50.05,49.72,49.76,13948
2026-03-25 11:15:00,49.78,49.82,49.45,49.47,11657
2026-03-25 11:30:00,49.47,49.49,49.23,49.32,10664
2026-03-25 13:15:00,49.32,49.59,49.3,49.5,6147
2026-03-25 13:30:00,49.48,49.75,49.28,49.53,22783
2026-03-25 13:45:00,49.43,49.66,49.28,49.61,13683
2026-03-25 14:00:00,49.6,49.65,49.38,49.59,8286
2026-03-25 14:15:00,49.62,49.71,49.29,49.37,11363
2026-03-25 14:30:00,49.37,49.49,49.18,49.32,16595
2026-03-25 14:45:00,49.33,49.53,49.33,49.49,12259
2026-03-25 15:00:00,49.49,49.63,49.48,49.58,17383
2026-03-26 09:45:00,49.6,49.99,49.17,49.75,44876
2026-03-26 10:00:00,49.7,49.75,49.17,49.27,27857
2026-03-26 10:15:00,49.29,49.42,49.15,49.21,12476
2026-03-26 10:30:00,49.21,49.23,48.95,48.95,19763
2026-03-26 10:45:00,49.0,49.09,48.74,48.78,16444
2026-03-26 11:00:00,48.79,49.05,48.76,48.94,7199
2026-03-26 11:15:00,48.94,48.99,48.8,48.86,6987
2026-03-26 11:30:00,48.87,48.93,48.69,48.85,8629
2026-03-26 13:15:00,48.85,48.91,48.59,48.66,9280
2026-03-26 13:30:00,48.69,48.71,48.3,48.44,17599
2026-03-26 13:45:00,48.45,48.5,48.19,48.22,20539
2026-03-26 14:00:00,48.22,48.27,47.9,48.0,32048
2026-03-26 14:15:00,48.0,48.35,47.91,48.02,43873
2026-03-26 14:30:00,48.04,48.07,47.75,47.98,30929
2026-03-26 14:45:00,47.98,48.03,47.66,47.81,34589
2026-03-26 15:00:00,47.78,48.05,47.74,48.0,23466
2026-03-27 09:45:00,47.48,47.5,46.8,47.17,61421
2026-03-27 10:00:00,47.17,47.4,47.08,47.34,32143
2026-03-27 10:15:00,47.35,47.64,47.2,47.55,23239
2026-03-27 10:30:00,47.56,47.61,47.25,47.46,12345
2026-03-27 10:45:00,47.44,47.59,47.39,47.59,10103
2026-03-27 11:00:00,47.57,47.88,47.57,47.8,13168
2026-03-27 11:15:00,47.82,48.1,47.82,47.9,12265
2026-03-27 11:30:00,47.9,48.25,47.72,48.16,13528
2026-03-27 13:15:00,48.21,48.35,48.04,48.05,13385
2026-03-27 13:30:00,48.07,48.24,48.01,48.01,12071
2026-03-27 13:45:00,48.01,48.2,47.92,47.92,14856
2026-03-27 14:00:00,47.92,47.98,47.77,47.78,10798
2026-03-27 14:15:00,47.81,47.98,47.79,47.82,9714
2026-03-27 14:30:00,47.82,47.91,47.73,47.86,14763
2026-03-27 14:45:00,47.86,47.99,47.77,47.91,25215
2026-03-27 15:00:00,47.92,48.03,47.84,48.03,15576
2026-03-30 09:45:00,47.2,49.13,47.11,48.35,58046
2026-03-30 10:00:00,48.34,48.48,48.03,48.07,24167
2026-03-30 10:15:00,48.08,48.71,47.83,48.23,19343
2026-03-30 10:30:00,48.21,48.45,48.03,48.33,11072
2026-03-30 10:45:00,48.37,48.37,47.9,48.18,13996
2026-03-30 11:00:00,48.19,48.19,47.92,48.16,10940
2026-03-30 11:15:00,48.15,48.48,48.13,48.34,9366
2026-03-30 11:30:00,48.35,48.59,48.25,48.44,8689
2026-03-30 13:15:00,48.45,48.93,48.18,48.75,25633
2026-03-30 13:30:00,48.75,48.86,48.52,48.61,15063
2026-03-30 13:45:00,48.55,48.71,48.45,48.54,16300
2026-03-30 14:00:00,48.53,48.77,48.47,48.62,15389
2026-03-30 14:15:00,48.63,48.75,48.54,48.74,19861
2026-03-30 14:30:00,48.75,48.98,48.62,48.67,18124
2026-03-30 14:45:00,48.69,48.74,48.6,48.71,16883
2026-03-30 15:00:00,48.69,48.73,48.62,48.62,19547
2026-03-31 09:45:00,49.11,49.5,48.55,49.3,61557
2026-03-31 10:00:00,49.28,49.53,48.76,49.5,29966
2026-03-31 10:15:00,49.54,49.7,49.22,49.35,33231
2026-03-31 10:30:00,49.36,49.55,49.01,49.06,23158
2026-03-31 10:45:00,49.06,49.08,48.62,48.77,15605
2026-03-31 11:00:00,48.78,48.78,48.3,48.3,14472
2026-03-31 11:15:00,48.3,48.38,48.16,48.27,13236
2026-03-31 11:30:00,48.23,48.41,47.97,48.06,8954
2026-03-31 13:15:00,48.08,48.27,48.02,48.08,7037
2026-03-31 13:30:00,48.08,48.47,48.06,48.4,6605
2026-03-31 13:45:00,48.4,48.55,48.29,48.38,8682
2026-03-31 14:00:00,48.38,48.57,48.38,48.47,9230
2026-03-31 14:15:00,48.45,48.47,48.15,48.15,12534
2026-03-31 14:30:00,48.16,48.18,47.99,48.08,9377
2026-03-31 14:45:00,48.08,48.24,48.08,48.21,14811
2026-03-31 15:00:00,48.22,48.26,48.06,48.06,15569
2026-04-01 09:45:00,48.92,49.29,48.66,48.98,52019
2026-04-01 10:00:00,48.99,49.07,48.38,48.45,36888
2026-04-01 10:15:00,48.42,48.61,48.27,48.32,23484
2026-04-01 10:30:00,48.33,48.56,48.22,48.29,9801
2026-04-01 10:45:00,48.28,48.86,48.24,48.85,14675
2026-04-01 11:00:00,48.84,48.88,48.6,48.68,13717
2026-04-01 11:15:00,48.69,48.7,48.58,48.66,10086
2026-04-01 11:30:00,48.71,48.74,48.54,48.58,9010
2026-04-01 13:15:00,48.59,48.81,48.41,48.71,13040
2026-04-01 13:30:00,48.71,49.19,48.61,49.18,34433
2026-04-01 13:45:00,49.16,49.25,48.95,48.96,18537
2026-04-01 14:00:00,48.97,49.02,48.79,48.83,9822
2026-04-01 14:15:00,48.83,49.04,48.8,48.95,7931
2026-04-01 14:30:00,48.94,49.03,48.91,48.96,8044
2026-04-01 14:45:00,48.96,49.0,48.88,48.97,10735
2026-04-01 15:00:00,48.98,49.1,48.97,49.04,18672
2026-04-02 09:45:00,49.53,52.46,49.53,52.02,209281
2026-04-02 10:00:00,51.95,52.18,51.38,51.46,45476
2026-04-02 10:15:00,51.47,51.66,51.07,51.09,29911
2026-04-02 10:30:00,51.09,51.1,50.75,50.78,27476
2026-04-02 10:45:00,50.77,50.88,50.57,50.81,22569
2026-04-02 11:00:00,50.83,51.05,50.6,50.98,19322
2026-04-02 11:15:00,50.96,51.03,50.63,50.7,11999
2026-04-02 11:30:00,50.7,50.92,50.62,50.78,9196
2026-04-02 13:15:00,50.79,50.79,50.37,50.44,17822
2026-04-02 13:30:00,50.43,50.47,50.21,50.34,14502
2026-04-02 13:45:00,50.32,50.34,50.06,50.27,12245
2026-04-02 14:00:00,50.27,50.27,49.97,49.99,14920
2026-04-02 14:15:00,49.99,50.0,49.81,49.94,25821
2026-04-02 14:30:00,49.95,50.1,49.88,49.89,25377
2026-04-02 14:45:00,49.87,49.99,49.6,49.61,29079
2026-04-02 15:00:00,49.6,49.8,49.54,49.8,25981
2026-04-03 09:45:00,50.28,50.5,49.13,49.63,57870
2026-04-03 10:00:00,49.56,50.01,49.33,49.68,32594
2026-04-03 10:15:00,49.68,50.03,49.2,49.26,18604
2026-04-03 10:30:00,49.26,49.45,49.0,49.39,15723
2026-04-03 10:45:00,49.39,49.68,49.2,49.3,10546
2026-04-03 11:00:00,49.3,49.45,49.12,49.12,6470
2026-04-03 11:15:00,49.12,49.26,48.96,49.0,12505
2026-04-03 11:30:00,49.0,49.01,48.8,48.81,8869
2026-04-03 13:15:00,48.81,48.81,48.46,48.52,12892
2026-04-03 13:30:00,48.51,48.63,48.47,48.48,9372
2026-04-03 13:45:00,48.48,48.76,48.31,48.75,13303
2026-04-03 14:00:00,48.74,48.77,48.55,48.57,8388
2026-04-03 14:15:00,48.59,48.87,48.37,48.54,11377
2026-04-03 14:30:00,48.53,48.54,48.3,48.37,9446
2026-04-03 14:45:00,48.36,48.54,48.22,48.52,16276
2026-04-03 15:00:00,48.5,48.99,48.5,48.99,35456
2026-04-07 09:45:00,49.58,49.58,47.18,47.36,83353
2026-04-07 10:00:00,47.36,47.46,46.03,46.29,95353
2026-04-07 10:15:00,46.29,46.59,46.1,46.46,61613
2026-04-07 10:30:00,46.43,46.5,46.17,46.3,35669
2026-04-07 10:45:00,46.28,46.45,46.09,46.29,21329
2026-04-07 11:00:00,46.29,46.52,46.2,46.42,12586
2026-04-07 11:15:00,46.4,46.4,46.13,46.26,21218
2026-04-07 11:30:00,46.2,46.26,45.8,45.87,27808
2026-04-07 13:15:00,45.84,46.11,45.81,45.9,22741
2026-04-07 13:30:00,45.9,46.05,45.8,46.03,21205
2026-04-07 13:45:00,46.04,46.35,46.01,46.33,17272
2026-04-07 14:00:00,46.34,46.46,46.12,46.45,14150
2026-04-07 14:15:00,46.46,46.5,46.16,46.18,11577
2026-04-07 14:30:00,46.16,46.21,46.07,46.12,15297
2026-04-07 14:45:00,46.12,46.27,46.08,46.16,17897
2026-04-07 15:00:00,46.17,46.57,46.1,46.52,28068
2026-04-08 09:45:00,47.72,49.73,47.6,49.41,188877
2026-04-08 10:00:00,49.46,49.68,49.11,49.27,54941
2026-04-08 10:15:00,49.34,49.39,49.03,49.25,28175
2026-04-08 10:30:00,49.28,49.4,48.83,49.06,34291
2026-04-08 10:45:00,49.07,49.24,49.07,49.09,10372
2026-04-08 11:00:00,49.1,49.21,48.87,48.95,13318
2026-04-08 11:15:00,48.96,49.72,48.89,49.71,37962
2026-04-08 11:30:00,49.69,49.95,49.58,49.7,28362
2026-04-08 13:15:00,49.72,50.46,49.68,50.33,57778
2026-04-08 13:30:00,50.33,50.4,50.03,50.07,14490
2026-04-08 13:45:00,50.06,50.48,50.0,50.44,20816
2026-04-08 14:00:00,50.45,50.64,50.38,50.47,26270
2026-04-08 14:15:00,50.43,50.55,50.38,50.4,17951
2026-04-08 14:30:00,50.42,50.48,50.26,50.43,22144
2026-04-08 14:45:00,50.43,50.49,50.29,50.31,25841
2026-04-08 15:00:00,50.31,50.4,50.3,50.39,20885
2026-04-09 09:45:00,49.61,49.63,48.9,49.16,65222
2026-04-09 10:00:00,49.15,49.57,49.05,49.46,24907
2026-04-09 10:15:00,49.46,49.49,49.09,49.14,24365
2026-04-09 10:30:00,49.15,49.66,49.0,49.59,35817
2026-04-09 10:45:00,49.59,49.74,49.4,49.64,16741
2026-04-09 11:00:00,49.65,50.11,49.62,49.82,24205
2026-04-09 11:15:00,49.82,50.08,49.39,49.51,27370
2026-04-09 11:30:00,49.53,49.66,49.35,49.39,15674
2026-04-09 13:15:00,49.39,49.62,49.14,49.48,16663
2026-04-09 13:30:00,49.47,49.6,49.37,49.55,6881
2026-04-09 13:45:00,49.56,49.67,49.47,49.57,6674
2026-04-09 14:00:00,49.58,49.62,49.46,49.54,5242
2026-04-09 14:15:00,49.53,49.6,49.46,49.49,7202
2026-04-09 14:30:00,49.54,49.85,49.54,49.69,15263
2026-04-09 14:45:00,49.68,49.68,49.46,49.48,11968
2026-04-09 15:00:00,49.48,49.54,49.46,49.54,12875
2026-04-10 09:45:00,50.03,51.96,50.02,51.8,111839
2026-04-10 10:00:00,51.78,52.08,51.5,51.71,61104
2026-04-10 10:15:00,51.7,51.75,51.34,51.4,25619
2026-04-10 10:30:00,51.39,51.39,51.01,51.12,20039
2026-04-10 10:45:00,51.1,51.13,50.83,50.97,16777
2026-04-10 11:00:00,50.99,51.3,50.88,50.94,13992
2026-04-10 11:15:00,50.95,51.39,50.85,51.2,16959
2026-04-10 11:30:00,51.16,51.69,51.16,51.43,28640
2026-04-10 13:15:00,51.42,51.61,51.02,51.16,16371
2026-04-10 13:30:00,51.15,51.22,50.91,50.98,13080
2026-04-10 13:45:00,50.98,51.37,50.93,51.34,11034
2026-04-10 14:00:00,51.35,51.73,51.34,51.56,37913
2026-04-10 14:15:00,51.6,51.8,51.44,51.49,27409
2026-04-10 14:30:00,51.48,51.69,51.43,51.57,16496
2026-04-10 14:45:00,51.57,51.63,51.43,51.55,20045
2026-04-10 15:00:00,51.53,51.82,51.4,51.46,30704
2026-04-13 09:45:00,50.33,51.48,50.21,51.08,51862
2026-04-13 10:00:00,51.07,51.66,51.01,51.31,28587
2026-04-13 10:15:00,51.29,51.45,50.93,51.26,22217
2026-04-13 10:30:00,51.27,51.5,51.08,51.24,11894
2026-04-13 10:45:00,51.25,51.28,51.0,51.01,12598
2026-04-13 11:00:00,51.01,51.03,50.74,50.93,12503
2026-04-13 11:15:00,50.92,51.07,50.76,50.88,10608
2026-04-13 11:30:00,50.87,51.03,50.77,50.94,7742
2026-04-13 13:15:00,50.95,51.4,50.83,51.15,19404
2026-04-13 13:30:00,51.15,51.41,51.07,51.27,11809
2026-04-13 13:45:00,51.26,51.7,51.23,51.69,18528
2026-04-13 14:00:00,51.7,51.71,51.4,51.55,11556
2026-04-13 14:15:00,51.55,51.58,51.34,51.35,9864
2026-04-13 14:30:00,51.35,51.45,51.29,51.43,8532
2026-04-13 14:45:00,51.43,51.43,51.28,51.33,9800
2026-04-13 15:00:00,51.32,51.5,51.28,51.42,19182
2026-04-14 09:45:00,51.7,52.42,51.45,52.24,58021
2026-04-14 10:00:00,52.24,52.38,51.87,52.29,32723
2026-04-14 10:15:00,52.28,52.33,51.79,51.91,22513
2026-04-14 10:30:00,51.88,51.92,51.68,51.79,15815
2026-04-14 10:45:00,51.8,51.88,51.5,51.71,12901
2026-04-14 11:00:00,51.71,51.87,51.6,51.61,12094
2026-04-14 11:15:00,51.62,51.71,51.51,51.61,7422
2026-04-14 11:30:00,51.64,52.08,51.64,51.99,13884
2026-04-14 13:15:00,51.98,51.98,51.62,51.66,9356
2026-04-14 13:30:00,51.68,51.68,51.31,51.44,13879
2026-04-14 13:45:00,51.44,51.6,51.26,51.42,9381
2026-04-14 14:00:00,51.38,51.44,50.98,50.99,12622
2026-04-14 14:15:00,50.98,51.18,50.96,51.11,11773
2026-04-14 14:30:00,51.11,51.3,51.06,51.22,11865
2026-04-14 14:45:00,51.22,51.38,51.16,51.35,10831
2026-04-14 15:00:00,51.35,51.4,51.25,51.32,17203
2026-04-15 09:45:00,51.51,51.69,51.21,51.68,38336
2026-04-15 10:00:00,51.69,52.2,51.62,51.84,38978
2026-04-15 10:15:00,51.84,52.15,51.72,52.11,28338
2026-04-15 10:30:00,52.11,52.36,51.97,52.06,26328
2026-04-15 10:45:00,52.08,52.17,51.9,52.15,13938
2026-04-15 11:00:00,52.14,52.14,51.75,51.81,13707
2026-04-15 11:15:00,51.8,51.83,51.65,51.7,9609
2026-04-15 11:30:00,51.7,51.98,51.69,51.83,11544
2026-04-15 13:15:00,51.82,52.11,51.69,51.95,13183
2026-04-15 13:30:00,51.94,52.02,51.84,51.99,13235
2026-04-15 13:45:00,51.98,51.99,51.75,51.79,9742
2026-04-15 14:00:00,51.8,51.95,51.7,51.78,9295
2026-04-15 14:15:00,51.78,51.87,51.6,51.65,11001
2026-04-15 14:30:00,51.64,51.74,51.51,51.63,15103
2026-04-15 14:45:00,51.65,51.7,51.3,51.3,14696
2026-04-15 15:00:00,51.29,51.35,51.11,51.15,29213
2026-04-16 09:45:00,51.25,51.5,49.55,49.82,74523
2026-04-16 10:00:00,49.84,50.32,49.73,50.05,28113
2026-04-16 10:15:00,50.05,50.34,50.05,50.3,15362
2026-04-16 10:30:00,50.3,50.51,50.1,50.1,12496
2026-04-16 10:45:00,50.09,50.38,50.05,50.13,15689
2026-04-16 11:00:00,50.14,50.36,50.14,50.3,8634
2026-04-16 11:15:00,50.32,50.52,50.23,50.49,10844
2026-04-16 11:30:00,50.49,50.5,50.22,50.28,6577
2026-04-16 13:15:00,50.29,50.51,49.56,49.76,49444
2026-04-16 13:30:00,49.77,50.15,49.74,50.01,20001
2026-04-16 13:45:00,50.02,50.25,49.85,49.86,17135
2026-04-16 14:00:00,49.86,50.06,49.81,49.96,11898
2026-04-16 14:15:00,49.98,50.34,49.91,50.31,17281
2026-04-16 14:30:00,50.31,50.48,50.25,50.42,21203
2026-04-16 14:45:00,50.41,50.68,50.41,50.57,26305
2026-04-16 15:00:00,50.57,50.73,50.57,50.63,25998
2026-04-17 09:45:00,50.31,50.48,49.65,49.85,41646
2026-04-17 10:00:00,49.82,50.05,49.71,49.8,15854
2026-04-17 10:15:00,49.81,49.81,49.28,49.36,35082
2026-04-17 10:30:00,49.36,49.52,49.3,49.3,29510
2026-04-17 10:45:00,49.32,49.78,49.31,49.5,20670
2026-04-17 11:00:00,49.5,49.76,49.48,49.67,11231
2026-04-17 11:15:00,49.68,49.8,49.48,49.76,11023
2026-04-17 11:30:00,49.75,49.79,49.53,49.56,8502
2026-04-17 13:15:00,49.56,49.68,49.44,49.52,9439
2026-04-17 13:30:00,49.53,49.63,49.39,49.54,8529
2026-04-17 13:45:00,49.55,49.72,49.55,49.72,5218
2026-04-17 14:00:00,49.72,49.97,49.72,49.85,8963
2026-04-17 14:15:00,49.85,49.91,49.75,49.75,6088
2026-04-17 14:30:00,49.76,49.77,49.66,49.69,8213
2026-04-17 14:45:00,49.7,49.78,49.69,49.74,11701
2026-04-17 15:00:00,49.73,49.82,49.73,49.77,12694
2026-04-20 09:45:00,49.94,50.08,48.88,49.4,40668
2026-04-20 10:00:00,49.38,49.88,49.38,49.68,26334
2026-04-20 10:15:00,49.65,50.18,49.61,49.81,28106
2026-04-20 10:30:00,49.84,50.08,49.72,49.96,10806
2026-04-20 10:45:00,49.96,50.27,49.86,49.97,15652
2026-04-20 11:00:00,49.95,50.76,49.79,50.69,26780
2026-04-20 11:15:00,50.69,50.79,50.11,50.18,23994
2026-04-20 11:30:00,50.18,50.3,50.07,50.24,10436
2026-04-20 13:15:00,50.24,50.4,50.14,50.25,13569
2026-04-20 13:30:00,50.26,50.38,50.05,50.17,13010
2026-04-20 13:45:00,50.16,50.25,49.72,49.81,13571
2026-04-20 14:00:00,49.81,49.95,49.65,49.69,12312
2026-04-20 14:15:00,49.69,49.96,49.62,49.92,11696
2026-04-20 14:30:00,49.99,50.06,49.91,49.94,15254
2026-04-20 14:45:00,49.94,50.08,49.94,50.0,17771
2026-04-20 15:00:00,49.99,50.03,49.94,49.98,20417
2026-04-21 09:45:00,50.0,50.27,49.1,49.37,44243
2026-04-21 10:00:00,49.37,49.38,48.83,49.06,31603
2026-04-21 10:15:00,49.05,49.09,48.59,48.66,24087
2026-04-21 10:30:00,48.65,48.65,48.25,48.36,40841
2026-04-21 10:45:00,48.36,48.48,48.21,48.24,17991
2026-04-21 11:00:00,48.24,48.28,48.0,48.06,24926
2026-04-21 11:15:00,48.06,48.2,48.0,48.19,18456
2026-04-21 11:30:00,48.18,48.21,47.77,47.97,37179
2026-04-21 13:15:00,47.98,48.23,47.89,48.07,22669
2026-04-21 13:30:00,48.05,48.2,47.95,48.12,9994
2026-04-21 13:45:00,48.12,48.5,48.11,48.43,11650
2026-04-21 14:00:00,48.44,48.71,48.37,48.55,11076
2026-04-21 14:15:00,48.52,48.66,48.5,48.51,13263
2026-04-21 14:30:00,48.5,48.69,48.49,48.68,9528
2026-04-21 14:45:00,48.68,48.86,48.68,48.71,12007
2026-04-21 15:00:00,48.72,48.78,48.68,48.71,15948
2026-04-22 09:45:00,48.26,48.49,48.02,48.36,25647
2026-04-22 10:00:00,48.36,48.6,48.35,48.52,16029
2026-04-22 10:15:00,48.5,48.53,48.01,48.18,23489
2026-04-22 10:30:00,48.18,48.25,47.92,47.93,17239
2026-04-22 10:45:00,47.91,47.91,47.51,47.68,52830
2026-04-22 11:00:00,47.69,47.86,47.6,47.85,16622
2026-04-22 11:15:00,47.85,48.0,47.81,47.96,9145
2026-04-22 11:30:00,47.96,48.2,47.95,48.2,6305
2026-04-22 13:15:00,48.19,48.47,48.13,48.45,17334
2026-04-22 13:30:00,48.43,48.5,48.26,48.41,14929
2026-04-22 13:45:00,48.39,48.4,48.21,48.35,12369
2026-04-22 14:00:00,48.33,48.4,48.31,48.37,6437
2026-04-22 14:15:00,48.38,48.59,48.3,48.43,10976
2026-04-22 14:30:00,48.41,48.58,48.39,48.51,9148
2026-04-22 14:45:00,48.51,48.57,48.44,48.51,13475
2026-04-22 15:00:00,48.5,48.54,48.38,48.53,23381
2026-04-23 09:45:00,49.0,52.28,49.0,51.83,219794
2026-04-23 10:00:00,51.79,51.81,51.25,51.62,83858
2026-04-23 10:15:00,51.63,51.76,51.25,51.5,34966
2026-04-23 10:30:00,51.52,52.17,51.5,51.65,43968
2026-04-23 10:45:00,51.64,51.75,51.2,51.25,22938
2026-04-23 11:00:00,51.25,51.25,51.01,51.06,14913
2026-04-23 11:15:00,51.02,51.02,50.62,50.62,21593
2026-04-23 11:30:00,50.63,50.65,50.17,50.17,24696
2026-04-23 13:15:00,50.17,50.21,49.76,49.98,34747
2026-04-23 13:30:00,49.98,50.0,49.42,49.67,25865
2026-04-23 13:45:00,49.71,50.37,49.6,50.35,39292
2026-04-23 14:00:00,50.34,50.59,50.06,50.46,31202
2026-04-23 14:15:00,50.46,50.69,50.2,50.2,20179
2026-04-23 14:30:00,50.25,50.26,50.01,50.02,17004
2026-04-23 14:45:00,50.04,50.25,49.96,50.18,26895
2026-04-23 15:00:00,50.18,50.37,50.16,50.36,25519
2026-04-24 09:45:00,50.38,50.42,49.24,50.22,66235
2026-04-24 10:00:00,50.27,50.65,49.58,49.67,34352
2026-04-24 10:15:00,49.67,49.68,49.07,49.23,34794
2026-04-24 10:30:00,49.19,49.31,49.0,49.07,28788
2026-04-24 10:45:00,49.11,49.33,49.04,49.29,13078
2026-04-24 11:00:00,49.29,49.41,49.16,49.37,9284
2026-04-24 11:15:00,49.37,49.43,48.95,49.01,12836
2026-04-24 11:30:00,49.0,49.07,48.82,49.06,13271
2026-04-24 13:15:00,49.02,49.22,48.67,48.68,21053
2026-04-24 13:30:00,48.68,49.25,48.68,49.13,10739
2026-04-24 13:45:00,49.13,49.14,48.98,49.06,7042
2026-04-24 14:00:00,49.07,49.07,48.92,48.93,6332
2026-04-24 14:15:00,48.93,49.15,48.9,49.09,9317
2026-04-24 14:30:00,49.13,49.32,49.13,49.22,11124
2026-04-24 14:45:00,49.23,49.37,49.06,49.08,13486
2026-04-24 15:00:00,49.07,49.14,49.02,49.11,17939
2026-04-27 09:45:00,49.0,49.1,47.59,47.71,71670
2026-04-27 10:00:00,47.74,48.0,47.45,47.9,44870
2026-04-27 10:15:00,47.87,48.12,47.84,47.95,23248
2026-04-27 10:30:00,48.0,48.2,47.92,47.99,13343
2026-04-27 10:45:00,48.0,48.03,47.82,47.88,15743
2026-04-27 11:00:00,47.88,47.88,47.73,47.86,17690
2026-04-27 11:15:00,47.85,47.86,47.61,47.85,15356
2026-04-27 11:30:00,47.85,47.95,47.79,47.95,7118
2026-04-27 13:15:00,47.96,48.25,47.88,47.98,14565
2026-04-27 13:30:00,47.98,48.22,47.89,48.21,8090
2026-04-27 13:45:00,48.2,48.76,48.2,48.71,28879
2026-04-27 14:00:00,48.74,48.75,48.38,48.4,9930
2026-04-27 14:15:00,48.39,48.46,48.31,48.36,7332
2026-04-27 14:30:00,48.37,48.45,48.25,48.27,10873
2026-04-27 14:45:00,48.27,48.34,48.1,48.29,15090
2026-04-27 15:00:00,48.31,48.38,48.26,48.33,13668
2026-04-28 09:45:00,47.7,48.21,46.92,47.03,68171
2026-04-28 10:00:00,47.02,47.19,46.76,46.91,49512
2026-04-28 10:15:00,46.87,47.11,46.42,47.02,44953
2026-04-28 10:30:00,46.99,47.08,46.84,47.0,14331
2026-04-28 10:45:00,46.99,47.04,46.64,46.66,15660
2026-04-28 11:00:00,46.67,46.67,46.3,46.34,29330
2026-04-28 11:15:00,46.34,46.35,46.13,46.22,27306
2026-04-28 11:30:00,46.2,46.35,46.1,46.27,19858
2026-04-28 13:15:00,46.27,46.28,46.04,46.14,20820
2026-04-28 13:30:00,46.13,46.17,45.91,45.95,35285
2026-04-28 13:45:00,45.94,45.96,45.5,45.53,43326
2026-04-28 14:00:00,45.5,45.61,45.39,45.49,28702
2026-04-28 14:15:00,45.48,45.6,45.13,45.6,44717
2026-04-28 14:30:00,45.59,45.76,45.47,45.5,20149
2026-04-28 14:45:00,45.5,45.53,45.39,45.52,18767
2026-04-28 15:00:00,45.52,45.62,45.43,45.6,23515
2026-04-29 09:45:00,45.62,45.95,45.11,45.34,54133
2026-04-29 10:00:00,45.35,45.52,45.17,45.37,27687
2026-04-29 10:15:00,45.39,45.57,45.21,45.38,19524
2026-04-29 10:30:00,45.38,45.53,45.3,45.49,12895
2026-04-29 10:45:00,45.48,45.51,45.31,45.36,11303
2026-04-29 11:00:00,45.37,45.45,45.28,45.29,11476
2026-04-29 11:15:00,45.29,45.49,45.23,45.44,11562
2026-04-29 11:30:00,45.45,45.49,45.34,45.43,9331
2026-04-29 13:15:00,45.44,45.63,45.41,45.46,12343
2026-04-29 13:30:00,45.45,45.5,45.3,45.47,12938
2026-04-29 13:45:00,45.46,45.49,45.32,45.39,12434
2026-04-29 14:00:00,45.39,45.49,45.35,45.4,16317
2026-04-29 14:15:00,45.4,45.53,45.39,45.46,11682
2026-04-29 14:30:00,45.48,45.54,45.45,45.48,11421
2026-04-29 14:45:00,45.47,45.5,45.38,45.41,15726
2026-04-29 15:00:00,45.42,45.5,45.39,45.46,19419
2026-04-30 09:45:00,45.4,46.63,45.21,46.38,72946
2026-04-30 10:00:00,46.4,46.75,46.02,46.1,33462
2026-04-30 10:15:00,46.09,46.2,45.8,45.86,17081
2026-04-30 10:30:00,45.85,46.12,45.73,46.12,12657
2026-04-30 10:45:00,46.1,46.13,45.87,45.89,9662
2026-04-30 11:00:00,45.9,45.96,45.72,45.84,11327
2026-04-30 11:15:00,45.85,45.85,45.6,45.6,7890
2026-04-30 11:30:00,45.61,45.76,45.5,45.75,10382
2026-04-30 13:15:00,45.76,46.03,45.6,45.92,15628
2026-04-30 13:30:00,45.91,46.65,45.86,46.25,26553
2026-04-30 13:45:00,46.25,46.28,46.03,46.15,9235
2026-04-30 14:00:00,46.15,46.44,46.11,46.29,10788
2026-04-30 14:15:00,46.28,46.5,46.21,46.39,12941
2026-04-30 14:30:00,46.38,46.47,46.19,46.27,9041
2026-04-30 14:45:00,46.28,46.35,46.2,46.25,10456
2026-04-30 15:00:00,46.28,46.29,46.21,46.25,15214
2026-05-06 09:45:00,46.5,47.3,46.5,46.85,55818
2026-05-06 10:00:00,46.84,47.15,46.82,46.99,41443
2026-05-06 10:15:00,46.97,47.75,46.97,47.57,50013
2026-05-06 10:30:00,47.57,47.74,47.41,47.7,22966
2026-05-06 10:45:00,47.7,47.73,47.48,47.52,16530
2026-05-06 11:00:00,47.53,47.62,47.42,47.45,13435
2026-05-06 11:15:00,47.46,47.54,47.34,47.51,12111
2026-05-06 11:30:00,47.51,47.64,47.45,47.45,7372
2026-05-06 13:15:00,47.46,47.46,47.2,47.23,17370
2026-05-06 13:30:00,47.23,47.27,47.08,47.12,13472
2026-05-06 13:45:00,47.14,47.32,47.04,47.28,16463
2026-05-06 14:00:00,47.26,47.32,47.06,47.07,14093
2026-05-06 14:15:00,47.07,47.09,46.85,46.98,22309
2026-05-06 14:30:00,46.98,47.05,46.86,46.92,13707
2026-05-06 14:45:00,46.91,46.92,46.76,46.92,17910
2026-05-06 15:00:00,46.9,46.91,46.82,46.84,19711
2026-05-07 09:45:00,47.0,47.73,46.64,47.26,61840
2026-05-07 10:00:00,47.27,47.6,47.27,47.31,18534
2026-05-07 10:15:00,47.35,47.35,47.01,47.1,19479
2026-05-07 10:30:00,47.1,47.13,46.99,47.06,12299
2026-05-07 10:45:00,47.06,47.08,46.89,46.9,12117
2026-05-07 11:00:00,46.9,47.08,46.9,46.99,9564
2026-05-07 11:15:00,46.98,47.1,46.94,47.02,8241
2026-05-07 11:30:00,47.03,47.43,47.02,47.41,14939
2026-05-07 13:15:00,47.38,47.44,47.07,47.17,11842
2026-05-07 13:30:00,47.17,47.8,47.15,47.67,29961
2026-05-07 13:45:00,47.63,47.7,47.56,47.69,11313
2026-05-07 14:00:00,47.7,48.34,47.69,48.19,48441
2026-05-07 14:15:00,48.23,48.56,48.18,48.23,33807
2026-05-07 14:30:00,48.26,48.36,48.07,48.13,18537
2026-05-07 14:45:00,48.13,48.3,48.13,48.22,14102
2026-05-07 15:00:00,48.21,48.37,48.19,48.33,21578
